{"generalUpdate":"Attendance Tracker - Mandatory & Activity Sheet - Daily sheet                                                                                                                                                                                                                                                                                                                                                                                                                                                                                                  ","socialMedia":"Linked in: 1664\r\nYoutube: 223\r\nFacebook: 323\r\nInstagram: 343\r\nTelegram: 100\r\nWhatsapp: 221","employeeCount":"Full Time Employees: 17\r\nPart Time Employees: 2\r\nThird Party Employees: 3","taskCompleted":"Tech Team: 5\r\nEditing Team: 2\r\nAD Team: 3\r\nHR Team: 1\r\nTesting Team: 3","herodescription":"SOWMIYA - EXCELLENT TRAINING VIDEO.","heroImage":"","ytLink":"<iframe width=\"560\" height=\"315\" src=\"https:\/\/www.youtube.com\/embed\/_o9cOul1_A4\" title=\"YouTube video player\" frameborder=\"0\" allow=\"accelerometer; autoplay; clipboard-write; encrypted-media; gyroscope; picture-in-picture\" allowfullscreen><\/iframe>","feedbackLink":"https:\/\/forms.gle\/EHkpBbxLUhaWRC648","feedbackDes":"PLEASE COMPLETE THE ASSESSMENT BEFORE 20\/01\/2022- 6PM","lastUpdated":"2022-01-18 22:21:41","submit":""}